variant,feature_mode,label_mode,window_sec,stride_sec,checkpoint_path,variant_dir,validation_aligned_prediction_csv,test_aligned_prediction_csv,val_accuracy,val_balanced_accuracy,test_accuracy,test_balanced_accuracy,test_n_windows,test_mean_cue_to_first_correct_sec,test_median_cue_to_first_correct_sec,test_mean_cue_to_predicted_transition_sec,test_median_cue_to_predicted_transition_sec,test_mean_cue_to_sustained_prediction_sec,test_median_cue_to_sustained_prediction_sec,test_xcov_delay_sec,test_xcov_peak_coeff,test_xcov_signal_column
filtered_signal__win_1p0s__stride_0p02s__labels_endpoint,filtered_signal,endpoint,1.0,0.02,d:\BME\BCI\online_bci\online_eeg\runs_offline_eog\offline_eog_002_vs_003\sweeps\filtered_signal__win_1p0s__stride_0p02s__labels_endpoint\lstm_checkpoint.pt,d:\BME\BCI\online_bci\online_eeg\runs_offline_eog\offline_eog_002_vs_003\sweeps\filtered_signal__win_1p0s__stride_0p02s__labels_endpoint,d:\BME\BCI\online_bci\online_eeg\runs_offline_eog\offline_eog_002_vs_003\sweeps\filtered_signal__win_1p0s__stride_0p02s__labels_endpoint\validation_predictions_aligned_eeg.csv,d:\BME\BCI\online_bci\online_eeg\runs_offline_eog\offline_eog_002_vs_003\sweeps\filtered_signal__win_1p0s__stride_0p02s__labels_endpoint\run_003__run_003_train_eog_offset_labeled_test_predictions_aligned_eeg.csv,1.0,1.0,0.8596749381312286,0.859604508336905,14951.0,0.34737500000000043,0.25250000000000483,0.638076923076924,0.33500000000000796,0.3813750000000006,0.3100000000000023,0.27,0.7755131909440268,prob_Eyes Closed
filtered_signal__win_1p0s__stride_0p03s__labels_endpoint,filtered_signal,endpoint,1.0,0.03,d:\BME\BCI\online_bci\online_eeg\runs_offline_eog\offline_eog_002_vs_003\sweeps\filtered_signal__win_1p0s__stride_0p03s__labels_endpoint\lstm_checkpoint.pt,d:\BME\BCI\online_bci\online_eeg\runs_offline_eog\offline_eog_002_vs_003\sweeps\filtered_signal__win_1p0s__stride_0p03s__labels_endpoint,d:\BME\BCI\online_bci\online_eeg\runs_offline_eog\offline_eog_002_vs_003\sweeps\filtered_signal__win_1p0s__stride_0p03s__labels_endpoint\validation_predictions_aligned_eeg.csv,d:\BME\BCI\online_bci\online_eeg\runs_offline_eog\offline_eog_002_vs_003\sweeps\filtered_signal__win_1p0s__stride_0p03s__labels_endpoint\run_003__run_003_train_eog_offset_labeled_test_predictions_aligned_eeg.csv,1.0,1.0,0.5270392294572088,0.5344798490397761,9967.0,0.666538461538464,0.025000000000005684,1.0287500000000016,1.0700000000000074,0.9289705882352963,0.025000000000005684,0.25,0.5383240925764083,prob_Eyes Closed
filtered_signal__win_1p0s__stride_0p05s__labels_endpoint,filtered_signal,endpoint,1.0,0.05,d:\BME\BCI\online_bci\online_eeg\runs_offline_eog\offline_eog_002_vs_003\sweeps\filtered_signal__win_1p0s__stride_0p05s__labels_endpoint\lstm_checkpoint.pt,d:\BME\BCI\online_bci\online_eeg\runs_offline_eog\offline_eog_002_vs_003\sweeps\filtered_signal__win_1p0s__stride_0p05s__labels_endpoint,d:\BME\BCI\online_bci\online_eeg\runs_offline_eog\offline_eog_002_vs_003\sweeps\filtered_signal__win_1p0s__stride_0p05s__labels_endpoint\validation_predictions_aligned_eeg.csv,d:\BME\BCI\online_bci\online_eeg\runs_offline_eog\offline_eog_002_vs_003\sweeps\filtered_signal__win_1p0s__stride_0p05s__labels_endpoint\run_003__run_003_train_eog_offset_labeled_test_predictions_aligned_eeg.csv,1.0,1.0,0.8491890988129075,0.8496579808567702,5981.0,0.3826250000000023,0.2775000000000034,0.7188750000000019,0.3774999999999977,0.43387500000000256,0.3774999999999977,0.365,0.7644456437068017,prob_Eyes Closed
filtered_signal__win_1p0s__stride_0p1s__labels_endpoint,filtered_signal,endpoint,1.0,0.1,d:\BME\BCI\online_bci\online_eeg\runs_offline_eog\offline_eog_002_vs_003\sweeps\filtered_signal__win_1p0s__stride_0p1s__labels_endpoint\lstm_checkpoint.pt,d:\BME\BCI\online_bci\online_eeg\runs_offline_eog\offline_eog_002_vs_003\sweeps\filtered_signal__win_1p0s__stride_0p1s__labels_endpoint,d:\BME\BCI\online_bci\online_eeg\runs_offline_eog\offline_eog_002_vs_003\sweeps\filtered_signal__win_1p0s__stride_0p1s__labels_endpoint\validation_predictions_aligned_eeg.csv,d:\BME\BCI\online_bci\online_eeg\runs_offline_eog\offline_eog_002_vs_003\sweeps\filtered_signal__win_1p0s__stride_0p1s__labels_endpoint\run_003__run_003_train_eog_offset_labeled_test_predictions_aligned_eeg.csv,1.0,1.0,0.7806753594115681,0.7829285037031737,2991.0,0.6388749999999992,0.5349999999999966,0.7035526315789467,0.5849999999999937,0.7113749999999995,0.5849999999999937,0.535,0.7047848250456767,prob_Eyes Closed
filtered_signal__win_1p0s__stride_0p2s__labels_endpoint,filtered_signal,endpoint,1.0,0.2,d:\BME\BCI\online_bci\online_eeg\runs_offline_eog\offline_eog_002_vs_003\sweeps\filtered_signal__win_1p0s__stride_0p2s__labels_endpoint\lstm_checkpoint.pt,d:\BME\BCI\online_bci\online_eeg\runs_offline_eog\offline_eog_002_vs_003\sweeps\filtered_signal__win_1p0s__stride_0p2s__labels_endpoint,d:\BME\BCI\online_bci\online_eeg\runs_offline_eog\offline_eog_002_vs_003\sweeps\filtered_signal__win_1p0s__stride_0p2s__labels_endpoint\validation_predictions_aligned_eeg.csv,d:\BME\BCI\online_bci\online_eeg\runs_offline_eog\offline_eog_002_vs_003\sweeps\filtered_signal__win_1p0s__stride_0p2s__labels_endpoint\run_003__run_003_train_eog_offset_labeled_test_predictions_aligned_eeg.csv,1.0,1.0,0.7647058823529411,0.7661222701958575,1496.0,0.22887500000000155,0.182500000000001,0.41387500000000194,0.26499999999998636,0.6688461538461548,0.535000000000025,0.21,0.5740502162729122,prob_Eyes Closed
filtered_signal__win_2p0s__stride_0p02s__labels_endpoint,filtered_signal,endpoint,2.0,0.02,d:\BME\BCI\online_bci\online_eeg\runs_offline_eog\offline_eog_002_vs_003\sweeps\filtered_signal__win_2p0s__stride_0p02s__labels_endpoint\lstm_checkpoint.pt,d:\BME\BCI\online_bci\online_eeg\runs_offline_eog\offline_eog_002_vs_003\sweeps\filtered_signal__win_2p0s__stride_0p02s__labels_endpoint,d:\BME\BCI\online_bci\online_eeg\runs_offline_eog\offline_eog_002_vs_003\sweeps\filtered_signal__win_2p0s__stride_0p02s__labels_endpoint\validation_predictions_aligned_eeg.csv,d:\BME\BCI\online_bci\online_eeg\runs_offline_eog\offline_eog_002_vs_003\sweeps\filtered_signal__win_2p0s__stride_0p02s__labels_endpoint\run_003__run_003_train_eog_offset_labeled_test_predictions_aligned_eeg.csv,1.0,1.0,0.8685994228575263,0.8685658327789028,14901.0,0.4143749999999997,0.34499999999999886,0.6088461538461537,0.37000000000000455,0.4193749999999998,0.3474999999999966,0.35,0.7988096001241425,prob_Eyes Closed
filtered_signal__win_2p0s__stride_0p03s__labels_endpoint,filtered_signal,endpoint,2.0,0.03,d:\BME\BCI\online_bci\online_eeg\runs_offline_eog\offline_eog_002_vs_003\sweeps\filtered_signal__win_2p0s__stride_0p03s__labels_endpoint\lstm_checkpoint.pt,d:\BME\BCI\online_bci\online_eeg\runs_offline_eog\offline_eog_002_vs_003\sweeps\filtered_signal__win_2p0s__stride_0p03s__labels_endpoint,d:\BME\BCI\online_bci\online_eeg\runs_offline_eog\offline_eog_002_vs_003\sweeps\filtered_signal__win_2p0s__stride_0p03s__labels_endpoint\validation_predictions_aligned_eeg.csv,d:\BME\BCI\online_bci\online_eeg\runs_offline_eog\offline_eog_002_vs_003\sweeps\filtered_signal__win_2p0s__stride_0p03s__labels_endpoint\run_003__run_003_train_eog_offset_labeled_test_predictions_aligned_eeg.csv,1.0,1.0,0.8236359975840548,0.8245702218066706,9934.0,0.3893750000000022,0.3299999999999983,0.6975641025641037,0.3900000000000432,0.40662500000000285,0.3450000000000131,0.35,0.7444588292316674,prob_Eyes Closed
filtered_signal__win_2p0s__stride_0p05s__labels_endpoint,filtered_signal,endpoint,2.0,0.05,d:\BME\BCI\online_bci\online_eeg\runs_offline_eog\offline_eog_002_vs_003\sweeps\filtered_signal__win_2p0s__stride_0p05s__labels_endpoint\lstm_checkpoint.pt,d:\BME\BCI\online_bci\online_eeg\runs_offline_eog\offline_eog_002_vs_003\sweeps\filtered_signal__win_2p0s__stride_0p05s__labels_endpoint,d:\BME\BCI\online_bci\online_eeg\runs_offline_eog\offline_eog_002_vs_003\sweeps\filtered_signal__win_2p0s__stride_0p05s__labels_endpoint\validation_predictions_aligned_eeg.csv,d:\BME\BCI\online_bci\online_eeg\runs_offline_eog\offline_eog_002_vs_003\sweeps\filtered_signal__win_2p0s__stride_0p05s__labels_endpoint\run_003__run_003_train_eog_offset_labeled_test_predictions_aligned_eeg.csv,1.0,1.0,0.8508639490018454,0.8508847549909255,5961.0,0.32262500000000116,0.197499999999998,0.6676315789473692,0.29249999999998977,0.37012500000000176,0.26249999999999574,0.225,0.7525460174514683,prob_Eyes Closed
filtered_signal__win_2p0s__stride_0p1s__labels_endpoint,filtered_signal,endpoint,2.0,0.1,d:\BME\BCI\online_bci\online_eeg\runs_offline_eog\offline_eog_002_vs_003\sweeps\filtered_signal__win_2p0s__stride_0p1s__labels_endpoint\lstm_checkpoint.pt,d:\BME\BCI\online_bci\online_eeg\runs_offline_eog\offline_eog_002_vs_003\sweeps\filtered_signal__win_2p0s__stride_0p1s__labels_endpoint,d:\BME\BCI\online_bci\online_eeg\runs_offline_eog\offline_eog_002_vs_003\sweeps\filtered_signal__win_2p0s__stride_0p1s__labels_endpoint\validation_predictions_aligned_eeg.csv,d:\BME\BCI\online_bci\online_eeg\runs_offline_eog\offline_eog_002_vs_003\sweeps\filtered_signal__win_2p0s__stride_0p1s__labels_endpoint\run_003__run_003_train_eog_offset_labeled_test_predictions_aligned_eeg.csv,1.0,1.0,0.8768869506876887,0.8766859054299234,2981.0,0.6263750000000002,0.5600000000000023,0.656315789473685,0.5849999999999937,0.6338750000000005,0.5849999999999937,0.545,0.8524901966717408,prob_Eyes Closed
filtered_signal__win_2p0s__stride_0p2s__labels_endpoint,filtered_signal,endpoint,2.0,0.2,d:\BME\BCI\online_bci\online_eeg\runs_offline_eog\offline_eog_002_vs_003\sweeps\filtered_signal__win_2p0s__stride_0p2s__labels_endpoint\lstm_checkpoint.pt,d:\BME\BCI\online_bci\online_eeg\runs_offline_eog\offline_eog_002_vs_003\sweeps\filtered_signal__win_2p0s__stride_0p2s__labels_endpoint,d:\BME\BCI\online_bci\online_eeg\runs_offline_eog\offline_eog_002_vs_003\sweeps\filtered_signal__win_2p0s__stride_0p2s__labels_endpoint\validation_predictions_aligned_eeg.csv,d:\BME\BCI\online_bci\online_eeg\runs_offline_eog\offline_eog_002_vs_003\sweeps\filtered_signal__win_2p0s__stride_0p2s__labels_endpoint\run_003__run_003_train_eog_offset_labeled_test_predictions_aligned_eeg.csv,1.0,1.0,0.755868544600939,0.7571428571428571,1491.0,0.23387500000000197,0.19750000000000156,0.39887500000000176,0.2674999999999983,0.7560256410256421,0.5450000000000017,0.21,0.5627047862765243,prob_Eyes Closed
filtered_signal__win_3p0s__stride_0p02s__labels_endpoint,filtered_signal,endpoint,3.0,0.02,d:\BME\BCI\online_bci\online_eeg\runs_offline_eog\offline_eog_002_vs_003\sweeps\filtered_signal__win_3p0s__stride_0p02s__labels_endpoint\lstm_checkpoint.pt,d:\BME\BCI\online_bci\online_eeg\runs_offline_eog\offline_eog_002_vs_003\sweeps\filtered_signal__win_3p0s__stride_0p02s__labels_endpoint,d:\BME\BCI\online_bci\online_eeg\runs_offline_eog\offline_eog_002_vs_003\sweeps\filtered_signal__win_3p0s__stride_0p02s__labels_endpoint\validation_predictions_aligned_eeg.csv,d:\BME\BCI\online_bci\online_eeg\runs_offline_eog\offline_eog_002_vs_003\sweeps\filtered_signal__win_3p0s__stride_0p02s__labels_endpoint\run_003__run_003_train_eog_offset_labeled_test_predictions_aligned_eeg.csv,1.0,1.0,0.8550265975355195,0.855039715059597,14851.0,0.3128749999999999,0.19249999999999545,0.772368421052632,0.3225000000000193,0.32787500000000086,0.240000000000002,0.23,0.7650448436878154,prob_Eyes Closed
filtered_signal__win_3p0s__stride_0p03s__labels_endpoint,filtered_signal,endpoint,3.0,0.03,d:\BME\BCI\online_bci\online_eeg\runs_offline_eog\offline_eog_002_vs_003\sweeps\filtered_signal__win_3p0s__stride_0p03s__labels_endpoint\lstm_checkpoint.pt,d:\BME\BCI\online_bci\online_eeg\runs_offline_eog\offline_eog_002_vs_003\sweeps\filtered_signal__win_3p0s__stride_0p03s__labels_endpoint,d:\BME\BCI\online_bci\online_eeg\runs_offline_eog\offline_eog_002_vs_003\sweeps\filtered_signal__win_3p0s__stride_0p03s__labels_endpoint\validation_predictions_aligned_eeg.csv,d:\BME\BCI\online_bci\online_eeg\runs_offline_eog\offline_eog_002_vs_003\sweeps\filtered_signal__win_3p0s__stride_0p03s__labels_endpoint\run_003__run_003_train_eog_offset_labeled_test_predictions_aligned_eeg.csv,1.0,1.0,0.8897081102918897,0.8892977378844973,9901.0,0.46837500000000015,0.3825000000000216,0.6665789473684216,0.45250000000000057,0.4698749999999999,0.3825000000000216,0.385,0.8358634622228701,prob_Eyes Closed
filtered_signal__win_3p0s__stride_0p05s__labels_endpoint,filtered_signal,endpoint,3.0,0.05,d:\BME\BCI\online_bci\online_eeg\runs_offline_eog\offline_eog_002_vs_003\sweeps\filtered_signal__win_3p0s__stride_0p05s__labels_endpoint\lstm_checkpoint.pt,d:\BME\BCI\online_bci\online_eeg\runs_offline_eog\offline_eog_002_vs_003\sweeps\filtered_signal__win_3p0s__stride_0p05s__labels_endpoint,d:\BME\BCI\online_bci\online_eeg\runs_offline_eog\offline_eog_002_vs_003\sweeps\filtered_signal__win_3p0s__stride_0p05s__labels_endpoint\validation_predictions_aligned_eeg.csv,d:\BME\BCI\online_bci\online_eeg\runs_offline_eog\offline_eog_002_vs_003\sweeps\filtered_signal__win_3p0s__stride_0p05s__labels_endpoint\run_003__run_003_train_eog_offset_labeled_test_predictions_aligned_eeg.csv,1.0,1.0,0.8639959602760479,0.8638414320395502,5941.0,0.4051250000000019,0.32500000000000284,0.7180769230769246,0.41499999999999204,0.4051250000000019,0.32500000000000284,0.32,0.782500923325909,prob_Eyes Closed
filtered_signal__win_3p0s__stride_0p1s__labels_endpoint,filtered_signal,endpoint,3.0,0.1,d:\BME\BCI\online_bci\online_eeg\runs_offline_eog\offline_eog_002_vs_003\sweeps\filtered_signal__win_3p0s__stride_0p1s__labels_endpoint\lstm_checkpoint.pt,d:\BME\BCI\online_bci\online_eeg\runs_offline_eog\offline_eog_002_vs_003\sweeps\filtered_signal__win_3p0s__stride_0p1s__labels_endpoint,d:\BME\BCI\online_bci\online_eeg\runs_offline_eog\offline_eog_002_vs_003\sweeps\filtered_signal__win_3p0s__stride_0p1s__labels_endpoint\validation_predictions_aligned_eeg.csv,d:\BME\BCI\online_bci\online_eeg\runs_offline_eog\offline_eog_002_vs_003\sweeps\filtered_signal__win_3p0s__stride_0p1s__labels_endpoint\run_003__run_003_train_eog_offset_labeled_test_predictions_aligned_eeg.csv,1.0,1.0,0.8051161225176708,0.8061851348289146,2971.0,0.6688461538461541,0.634999999999998,0.7155263157894743,0.6850000000000023,0.6996153846153853,0.6700000000000017,0.635,0.7479411284460539,prob_Eyes Closed
filtered_signal__win_3p0s__stride_0p2s__labels_endpoint,filtered_signal,endpoint,3.0,0.2,d:\BME\BCI\online_bci\online_eeg\runs_offline_eog\offline_eog_002_vs_003\sweeps\filtered_signal__win_3p0s__stride_0p2s__labels_endpoint\lstm_checkpoint.pt,d:\BME\BCI\online_bci\online_eeg\runs_offline_eog\offline_eog_002_vs_003\sweeps\filtered_signal__win_3p0s__stride_0p2s__labels_endpoint,d:\BME\BCI\online_bci\online_eeg\runs_offline_eog\offline_eog_002_vs_003\sweeps\filtered_signal__win_3p0s__stride_0p2s__labels_endpoint\validation_predictions_aligned_eeg.csv,d:\BME\BCI\online_bci\online_eeg\runs_offline_eog\offline_eog_002_vs_003\sweeps\filtered_signal__win_3p0s__stride_0p2s__labels_endpoint\run_003__run_003_train_eog_offset_labeled_test_predictions_aligned_eeg.csv,1.0,1.0,0.7725437415881561,0.7732565196518022,1486.0,0.22887500000000155,0.182500000000001,0.37887500000000207,0.24499999999999034,0.7088750000000008,0.5300000000000153,0.215,0.5577881634655559,prob_Eyes Closed
filtered_signal__win_5p0s__stride_0p02s__labels_endpoint,filtered_signal,endpoint,5.0,0.02,d:\BME\BCI\online_bci\online_eeg\runs_offline_eog\offline_eog_002_vs_003\sweeps\filtered_signal__win_5p0s__stride_0p02s__labels_endpoint\lstm_checkpoint.pt,d:\BME\BCI\online_bci\online_eeg\runs_offline_eog\offline_eog_002_vs_003\sweeps\filtered_signal__win_5p0s__stride_0p02s__labels_endpoint,d:\BME\BCI\online_bci\online_eeg\runs_offline_eog\offline_eog_002_vs_003\sweeps\filtered_signal__win_5p0s__stride_0p02s__labels_endpoint\validation_predictions_aligned_eeg.csv,d:\BME\BCI\online_bci\online_eeg\runs_offline_eog\offline_eog_002_vs_003\sweeps\filtered_signal__win_5p0s__stride_0p02s__labels_endpoint\run_003__run_003_train_eog_offset_labeled_test_predictions_aligned_eeg.csv,1.0,1.0,0.8419768151311775,0.8418277804202509,14751.0,0.2538750000000002,0.13249999999999318,0.8818421052631595,0.3500000000000014,0.3133750000000008,0.1524999999999963,0.17,0.7439408721775528,prob_Eyes Closed
filtered_signal__win_5p0s__stride_0p03s__labels_endpoint,filtered_signal,endpoint,5.0,0.03,d:\BME\BCI\online_bci\online_eeg\runs_offline_eog\offline_eog_002_vs_003\sweeps\filtered_signal__win_5p0s__stride_0p03s__labels_endpoint\lstm_checkpoint.pt,d:\BME\BCI\online_bci\online_eeg\runs_offline_eog\offline_eog_002_vs_003\sweeps\filtered_signal__win_5p0s__stride_0p03s__labels_endpoint,d:\BME\BCI\online_bci\online_eeg\runs_offline_eog\offline_eog_002_vs_003\sweeps\filtered_signal__win_5p0s__stride_0p03s__labels_endpoint\validation_predictions_aligned_eeg.csv,d:\BME\BCI\online_bci\online_eeg\runs_offline_eog\offline_eog_002_vs_003\sweeps\filtered_signal__win_5p0s__stride_0p03s__labels_endpoint\run_003__run_003_train_eog_offset_labeled_test_predictions_aligned_eeg.csv,1.0,1.0,0.8660768761439902,0.8660297091328186,9834.0,0.395375000000002,0.30750000000000455,0.6862820512820531,0.3699999999999761,0.395375000000002,0.30750000000000455,0.32,0.78738422103785,prob_Eyes Closed
filtered_signal__win_5p0s__stride_0p05s__labels_endpoint,filtered_signal,endpoint,5.0,0.05,d:\BME\BCI\online_bci\online_eeg\runs_offline_eog\offline_eog_002_vs_003\sweeps\filtered_signal__win_5p0s__stride_0p05s__labels_endpoint\lstm_checkpoint.pt,d:\BME\BCI\online_bci\online_eeg\runs_offline_eog\offline_eog_002_vs_003\sweeps\filtered_signal__win_5p0s__stride_0p05s__labels_endpoint,d:\BME\BCI\online_bci\online_eeg\runs_offline_eog\offline_eog_002_vs_003\sweeps\filtered_signal__win_5p0s__stride_0p05s__labels_endpoint\validation_predictions_aligned_eeg.csv,d:\BME\BCI\online_bci\online_eeg\runs_offline_eog\offline_eog_002_vs_003\sweeps\filtered_signal__win_5p0s__stride_0p05s__labels_endpoint\run_003__run_003_train_eog_offset_labeled_test_predictions_aligned_eeg.csv,1.0,1.0,0.8264700898152856,0.826606585322707,5901.0,0.30137500000000317,0.21500000000001762,0.6126923076923108,0.33500000000000796,0.3738750000000023,0.2849999999999966,0.26,0.7363236253167434,prob_Eyes Closed
filtered_signal__win_5p0s__stride_0p1s__labels_endpoint,filtered_signal,endpoint,5.0,0.1,d:\BME\BCI\online_bci\online_eeg\runs_offline_eog\offline_eog_002_vs_003\sweeps\filtered_signal__win_5p0s__stride_0p1s__labels_endpoint\lstm_checkpoint.pt,d:\BME\BCI\online_bci\online_eeg\runs_offline_eog\offline_eog_002_vs_003\sweeps\filtered_signal__win_5p0s__stride_0p1s__labels_endpoint,d:\BME\BCI\online_bci\online_eeg\runs_offline_eog\offline_eog_002_vs_003\sweeps\filtered_signal__win_5p0s__stride_0p1s__labels_endpoint\validation_predictions_aligned_eeg.csv,d:\BME\BCI\online_bci\online_eeg\runs_offline_eog\offline_eog_002_vs_003\sweeps\filtered_signal__win_5p0s__stride_0p1s__labels_endpoint\run_003__run_003_train_eog_offset_labeled_test_predictions_aligned_eeg.csv,1.0,1.0,0.8092172145035581,0.8095141198302314,2951.0,0.7021794871794871,0.6200000000000045,0.7501351351351342,0.634999999999998,0.7149999999999999,0.6200000000000045,0.585,0.7517656538846835,prob_Eyes Closed
filtered_signal__win_5p0s__stride_0p2s__labels_endpoint,filtered_signal,endpoint,5.0,0.2,d:\BME\BCI\online_bci\online_eeg\runs_offline_eog\offline_eog_002_vs_003\sweeps\filtered_signal__win_5p0s__stride_0p2s__labels_endpoint\lstm_checkpoint.pt,d:\BME\BCI\online_bci\online_eeg\runs_offline_eog\offline_eog_002_vs_003\sweeps\filtered_signal__win_5p0s__stride_0p2s__labels_endpoint,d:\BME\BCI\online_bci\online_eeg\runs_offline_eog\offline_eog_002_vs_003\sweeps\filtered_signal__win_5p0s__stride_0p2s__labels_endpoint\validation_predictions_aligned_eeg.csv,d:\BME\BCI\online_bci\online_eeg\runs_offline_eog\offline_eog_002_vs_003\sweeps\filtered_signal__win_5p0s__stride_0p2s__labels_endpoint\run_003__run_003_train_eog_offset_labeled_test_predictions_aligned_eeg.csv,1.0,1.0,0.690379403794038,0.6913960725990801,1476.0,0.23387500000000339,0.1525000000000034,0.5884210526315814,0.2775000000000247,0.9374324324324363,0.4849999999999852,0.21,0.5798549491670288,prob_Eyes Closed
filtered_signal__win_1p0s__stride_0p02s__labels_majority,filtered_signal,majority,1.0,0.02,d:\BME\BCI\online_bci\online_eeg\runs_offline_eog\offline_eog_002_vs_003\sweeps\filtered_signal__win_1p0s__stride_0p02s__labels_majority\lstm_checkpoint.pt,d:\BME\BCI\online_bci\online_eeg\runs_offline_eog\offline_eog_002_vs_003\sweeps\filtered_signal__win_1p0s__stride_0p02s__labels_majority,d:\BME\BCI\online_bci\online_eeg\runs_offline_eog\offline_eog_002_vs_003\sweeps\filtered_signal__win_1p0s__stride_0p02s__labels_majority\validation_predictions_aligned_eeg.csv,d:\BME\BCI\online_bci\online_eeg\runs_offline_eog\offline_eog_002_vs_003\sweeps\filtered_signal__win_1p0s__stride_0p02s__labels_majority\run_003__run_003_train_eog_offset_labeled_test_predictions_aligned_eeg.csv,1.0,1.0,0.830245468530533,0.8320109442552505,14951.0,0.43437500000000123,0.4025000000000176,0.5172368421052657,0.4550000000000125,0.4583750000000014,0.40500000000001535,0.42,0.7279679847653415,prob_Eyes Closed
filtered_signal__win_1p0s__stride_0p03s__labels_majority,filtered_signal,majority,1.0,0.03,d:\BME\BCI\online_bci\online_eeg\runs_offline_eog\offline_eog_002_vs_003\sweeps\filtered_signal__win_1p0s__stride_0p03s__labels_majority\lstm_checkpoint.pt,d:\BME\BCI\online_bci\online_eeg\runs_offline_eog\offline_eog_002_vs_003\sweeps\filtered_signal__win_1p0s__stride_0p03s__labels_majority,d:\BME\BCI\online_bci\online_eeg\runs_offline_eog\offline_eog_002_vs_003\sweeps\filtered_signal__win_1p0s__stride_0p03s__labels_majority\validation_predictions_aligned_eeg.csv,d:\BME\BCI\online_bci\online_eeg\runs_offline_eog\offline_eog_002_vs_003\sweeps\filtered_signal__win_1p0s__stride_0p03s__labels_majority\run_003__run_003_train_eog_offset_labeled_test_predictions_aligned_eeg.csv,1.0,1.0,0.7716464332296579,0.7738488519370451,9967.0,0.19187500000000063,0.13500000000001222,0.5115384615384628,0.19499999999999318,0.24437500000000084,0.17249999999999943,0.18,0.7102729067007395,prob_Eyes Closed
filtered_signal__win_1p0s__stride_0p05s__labels_majority,filtered_signal,majority,1.0,0.05,d:\BME\BCI\online_bci\online_eeg\runs_offline_eog\offline_eog_002_vs_003\sweeps\filtered_signal__win_1p0s__stride_0p05s__labels_majority\lstm_checkpoint.pt,d:\BME\BCI\online_bci\online_eeg\runs_offline_eog\offline_eog_002_vs_003\sweeps\filtered_signal__win_1p0s__stride_0p05s__labels_majority,d:\BME\BCI\online_bci\online_eeg\runs_offline_eog\offline_eog_002_vs_003\sweeps\filtered_signal__win_1p0s__stride_0p05s__labels_majority\validation_predictions_aligned_eeg.csv,d:\BME\BCI\online_bci\online_eeg\runs_offline_eog\offline_eog_002_vs_003\sweeps\filtered_signal__win_1p0s__stride_0p05s__labels_majority\run_003__run_003_train_eog_offset_labeled_test_predictions_aligned_eeg.csv,1.0,1.0,0.8552081591707072,0.8555335141237781,5981.0,0.35512500000000247,0.2775000000000034,0.7065384615384634,0.37000000000000455,0.3713750000000033,0.3049999999999997,0.315,0.7652925823194295,prob_Eyes Closed
filtered_signal__win_1p0s__stride_0p1s__labels_majority,filtered_signal,majority,1.0,0.1,d:\BME\BCI\online_bci\online_eeg\runs_offline_eog\offline_eog_002_vs_003\sweeps\filtered_signal__win_1p0s__stride_0p1s__labels_majority\lstm_checkpoint.pt,d:\BME\BCI\online_bci\online_eeg\runs_offline_eog\offline_eog_002_vs_003\sweeps\filtered_signal__win_1p0s__stride_0p1s__labels_majority,d:\BME\BCI\online_bci\online_eeg\runs_offline_eog\offline_eog_002_vs_003\sweeps\filtered_signal__win_1p0s__stride_0p1s__labels_majority\validation_predictions_aligned_eeg.csv,d:\BME\BCI\online_bci\online_eeg\runs_offline_eog\offline_eog_002_vs_003\sweeps\filtered_signal__win_1p0s__stride_0p1s__labels_majority\run_003__run_003_train_eog_offset_labeled_test_predictions_aligned_eeg.csv,1.0,1.0,0.8441992644600468,0.8459103167894377,2991.0,0.571375,0.5424999999999898,0.6315384615384617,0.6200000000000045,0.6038750000000006,0.5849999999999937,0.535,0.7429100699719485,prob_Eyes Closed
filtered_signal__win_1p0s__stride_0p2s__labels_majority,filtered_signal,majority,1.0,0.2,d:\BME\BCI\online_bci\online_eeg\runs_offline_eog\offline_eog_002_vs_003\sweeps\filtered_signal__win_1p0s__stride_0p2s__labels_majority\lstm_checkpoint.pt,d:\BME\BCI\online_bci\online_eeg\runs_offline_eog\offline_eog_002_vs_003\sweeps\filtered_signal__win_1p0s__stride_0p2s__labels_majority,d:\BME\BCI\online_bci\online_eeg\runs_offline_eog\offline_eog_002_vs_003\sweeps\filtered_signal__win_1p0s__stride_0p2s__labels_majority\validation_predictions_aligned_eeg.csv,d:\BME\BCI\online_bci\online_eeg\runs_offline_eog\offline_eog_002_vs_003\sweeps\filtered_signal__win_1p0s__stride_0p2s__labels_majority\run_003__run_003_train_eog_offset_labeled_test_predictions_aligned_eeg.csv,1.0,1.0,0.7867647058823529,0.7866347254004578,1496.0,0.30387500000000045,0.21249999999999147,0.6038750000000008,0.3374999999999915,0.5438750000000008,0.5300000000000029,0.215,0.5837465098350308,prob_Eyes Closed
filtered_signal__win_2p0s__stride_0p02s__labels_majority,filtered_signal,majority,2.0,0.02,d:\BME\BCI\online_bci\online_eeg\runs_offline_eog\offline_eog_002_vs_003\sweeps\filtered_signal__win_2p0s__stride_0p02s__labels_majority\lstm_checkpoint.pt,d:\BME\BCI\online_bci\online_eeg\runs_offline_eog\offline_eog_002_vs_003\sweeps\filtered_signal__win_2p0s__stride_0p02s__labels_majority,d:\BME\BCI\online_bci\online_eeg\runs_offline_eog\offline_eog_002_vs_003\sweeps\filtered_signal__win_2p0s__stride_0p02s__labels_majority\validation_predictions_aligned_eeg.csv,d:\BME\BCI\online_bci\online_eeg\runs_offline_eog\offline_eog_002_vs_003\sweeps\filtered_signal__win_2p0s__stride_0p02s__labels_majority\run_003__run_003_train_eog_offset_labeled_test_predictions_aligned_eeg.csv,0.0,0.0,0.8108180659016173,0.8112300572802245,14901.0,0.3533749999999999,0.24249999999999972,0.645256410256411,0.35000000000002274,0.3573749999999998,0.24249999999999972,0.295,0.7692982423344196,prob_Eyes Closed
filtered_signal__win_2p0s__stride_0p03s__labels_majority,filtered_signal,majority,2.0,0.03,d:\BME\BCI\online_bci\online_eeg\runs_offline_eog\offline_eog_002_vs_003\sweeps\filtered_signal__win_2p0s__stride_0p03s__labels_majority\lstm_checkpoint.pt,d:\BME\BCI\online_bci\online_eeg\runs_offline_eog\offline_eog_002_vs_003\sweeps\filtered_signal__win_2p0s__stride_0p03s__labels_majority,d:\BME\BCI\online_bci\online_eeg\runs_offline_eog\offline_eog_002_vs_003\sweeps\filtered_signal__win_2p0s__stride_0p03s__labels_majority\validation_predictions_aligned_eeg.csv,d:\BME\BCI\online_bci\online_eeg\runs_offline_eog\offline_eog_002_vs_003\sweeps\filtered_signal__win_2p0s__stride_0p03s__labels_majority\run_003__run_003_train_eog_offset_labeled_test_predictions_aligned_eeg.csv,0.0,0.0,0.8271592510569761,0.8269242829882021,9934.0,0.3878750000000015,0.292500000000004,0.885263157894738,0.4124999999999943,0.3878750000000015,0.292500000000004,0.31,0.7880736994920172,prob_Eyes Closed
filtered_signal__win_2p0s__stride_0p05s__labels_majority,filtered_signal,majority,2.0,0.05,d:\BME\BCI\online_bci\online_eeg\runs_offline_eog\offline_eog_002_vs_003\sweeps\filtered_signal__win_2p0s__stride_0p05s__labels_majority\lstm_checkpoint.pt,d:\BME\BCI\online_bci\online_eeg\runs_offline_eog\offline_eog_002_vs_003\sweeps\filtered_signal__win_2p0s__stride_0p05s__labels_majority,d:\BME\BCI\online_bci\online_eeg\runs_offline_eog\offline_eog_002_vs_003\sweeps\filtered_signal__win_2p0s__stride_0p05s__labels_majority\validation_predictions_aligned_eeg.csv,d:\BME\BCI\online_bci\online_eeg\runs_offline_eog\offline_eog_002_vs_003\sweeps\filtered_signal__win_2p0s__stride_0p05s__labels_majority\run_003__run_003_train_eog_offset_labeled_test_predictions_aligned_eeg.csv,1.0,1.0,0.6651568528770341,0.661139094369244,5961.0,0.5326250000000008,0.3125,1.1484615384615384,0.7974999999999994,0.5526250000000006,0.3125,0.425,0.5291395324211179,prob_Eyes Closed
filtered_signal__win_2p0s__stride_0p1s__labels_majority,filtered_signal,majority,2.0,0.1,d:\BME\BCI\online_bci\online_eeg\runs_offline_eog\offline_eog_002_vs_003\sweeps\filtered_signal__win_2p0s__stride_0p1s__labels_majority\lstm_checkpoint.pt,d:\BME\BCI\online_bci\online_eeg\runs_offline_eog\offline_eog_002_vs_003\sweeps\filtered_signal__win_2p0s__stride_0p1s__labels_majority,d:\BME\BCI\online_bci\online_eeg\runs_offline_eog\offline_eog_002_vs_003\sweeps\filtered_signal__win_2p0s__stride_0p1s__labels_majority\validation_predictions_aligned_eeg.csv,d:\BME\BCI\online_bci\online_eeg\runs_offline_eog\offline_eog_002_vs_003\sweeps\filtered_signal__win_2p0s__stride_0p1s__labels_majority\run_003__run_003_train_eog_offset_labeled_test_predictions_aligned_eeg.csv,0.0,0.0,0.6893659845689366,0.6934511991427941,2981.0,0.9885135135135169,0.46000000000000085,1.2016176470588273,1.3299999999999912,1.2858108108108135,1.0949999999999989,1.665,0.5064250672074707,prob_Eyes Closed
filtered_signal__win_2p0s__stride_0p2s__labels_majority,filtered_signal,majority,2.0,0.2,d:\BME\BCI\online_bci\online_eeg\runs_offline_eog\offline_eog_002_vs_003\sweeps\filtered_signal__win_2p0s__stride_0p2s__labels_majority\lstm_checkpoint.pt,d:\BME\BCI\online_bci\online_eeg\runs_offline_eog\offline_eog_002_vs_003\sweeps\filtered_signal__win_2p0s__stride_0p2s__labels_majority,d:\BME\BCI\online_bci\online_eeg\runs_offline_eog\offline_eog_002_vs_003\sweeps\filtered_signal__win_2p0s__stride_0p2s__labels_majority\validation_predictions_aligned_eeg.csv,d:\BME\BCI\online_bci\online_eeg\runs_offline_eog\offline_eog_002_vs_003\sweeps\filtered_signal__win_2p0s__stride_0p2s__labels_majority\run_003__run_003_train_eog_offset_labeled_test_predictions_aligned_eeg.csv,0.0,0.0,0.6995305164319249,0.7014666023562104,1491.0,0.23387500000000266,0.19750000000000156,0.5288750000000022,0.2775000000000247,0.82269230769231,0.5450000000000017,0.21,0.5571700537177683,prob_Eyes Closed
filtered_signal__win_3p0s__stride_0p02s__labels_majority,filtered_signal,majority,3.0,0.02,d:\BME\BCI\online_bci\online_eeg\runs_offline_eog\offline_eog_002_vs_003\sweeps\filtered_signal__win_3p0s__stride_0p02s__labels_majority\lstm_checkpoint.pt,d:\BME\BCI\online_bci\online_eeg\runs_offline_eog\offline_eog_002_vs_003\sweeps\filtered_signal__win_3p0s__stride_0p02s__labels_majority,d:\BME\BCI\online_bci\online_eeg\runs_offline_eog\offline_eog_002_vs_003\sweeps\filtered_signal__win_3p0s__stride_0p02s__labels_majority\validation_predictions_aligned_eeg.csv,d:\BME\BCI\online_bci\online_eeg\runs_offline_eog\offline_eog_002_vs_003\sweeps\filtered_signal__win_3p0s__stride_0p02s__labels_majority\run_003__run_003_train_eog_offset_labeled_test_predictions_aligned_eeg.csv,1.0,1.0,0.7304558615581442,0.7291189518162235,14851.0,0.23187500000000122,0.16000000000000014,0.2888750000000032,0.2324999999999875,0.544374999999999,0.5424999999999898,0.555,0.6063953415960948,prob_Eyes Closed
filtered_signal__win_3p0s__stride_0p03s__labels_majority,filtered_signal,majority,3.0,0.03,d:\BME\BCI\online_bci\online_eeg\runs_offline_eog\offline_eog_002_vs_003\sweeps\filtered_signal__win_3p0s__stride_0p03s__labels_majority\lstm_checkpoint.pt,d:\BME\BCI\online_bci\online_eeg\runs_offline_eog\offline_eog_002_vs_003\sweeps\filtered_signal__win_3p0s__stride_0p03s__labels_majority,d:\BME\BCI\online_bci\online_eeg\runs_offline_eog\offline_eog_002_vs_003\sweeps\filtered_signal__win_3p0s__stride_0p03s__labels_majority\validation_predictions_aligned_eeg.csv,d:\BME\BCI\online_bci\online_eeg\runs_offline_eog\offline_eog_002_vs_003\sweeps\filtered_signal__win_3p0s__stride_0p03s__labels_majority\run_003__run_003_train_eog_offset_labeled_test_predictions_aligned_eeg.csv,1.0,1.0,0.6934653065346935,0.6925581158663393,9901.0,0.45412500000000044,0.33999999999999986,0.5058750000000003,0.44999999999998863,1.5701282051282088,1.1550000000000011,3.005,0.6032169799563907,prob_Eyes Closed
filtered_signal__win_3p0s__stride_0p05s__labels_majority,filtered_signal,majority,3.0,0.05,d:\BME\BCI\online_bci\online_eeg\runs_offline_eog\offline_eog_002_vs_003\sweeps\filtered_signal__win_3p0s__stride_0p05s__labels_majority\lstm_checkpoint.pt,d:\BME\BCI\online_bci\online_eeg\runs_offline_eog\offline_eog_002_vs_003\sweeps\filtered_signal__win_3p0s__stride_0p05s__labels_majority,d:\BME\BCI\online_bci\online_eeg\runs_offline_eog\offline_eog_002_vs_003\sweeps\filtered_signal__win_3p0s__stride_0p05s__labels_majority\validation_predictions_aligned_eeg.csv,d:\BME\BCI\online_bci\online_eeg\runs_offline_eog\offline_eog_002_vs_003\sweeps\filtered_signal__win_3p0s__stride_0p05s__labels_majority\run_003__run_003_train_eog_offset_labeled_test_predictions_aligned_eeg.csv,1.0,1.0,0.6105032822757112,0.6075118173313606,5941.0,0.32387499999999914,0.14499999999999957,0.8112499999999995,0.5474999999999994,1.1351562500000012,0.05500000000000682,0.225,0.4852691124663288,prob_Eyes Closed
filtered_signal__win_3p0s__stride_0p1s__labels_majority,filtered_signal,majority,3.0,0.1,d:\BME\BCI\online_bci\online_eeg\runs_offline_eog\offline_eog_002_vs_003\sweeps\filtered_signal__win_3p0s__stride_0p1s__labels_majority\lstm_checkpoint.pt,d:\BME\BCI\online_bci\online_eeg\runs_offline_eog\offline_eog_002_vs_003\sweeps\filtered_signal__win_3p0s__stride_0p1s__labels_majority,d:\BME\BCI\online_bci\online_eeg\runs_offline_eog\offline_eog_002_vs_003\sweeps\filtered_signal__win_3p0s__stride_0p1s__labels_majority\validation_predictions_aligned_eeg.csv,d:\BME\BCI\online_bci\online_eeg\runs_offline_eog\offline_eog_002_vs_003\sweeps\filtered_signal__win_3p0s__stride_0p1s__labels_majority\run_003__run_003_train_eog_offset_labeled_test_predictions_aligned_eeg.csv,1.0,1.0,0.7960282733086503,0.7976147420993713,2971.0,1.2488750000000026,0.7674999999999912,1.2613750000000026,0.7674999999999912,1.6838750000000033,1.4525000000000112,1.335,0.6331292203829717,prob_Eyes Closed
filtered_signal__win_3p0s__stride_0p2s__labels_majority,filtered_signal,majority,3.0,0.2,d:\BME\BCI\online_bci\online_eeg\runs_offline_eog\offline_eog_002_vs_003\sweeps\filtered_signal__win_3p0s__stride_0p2s__labels_majority\lstm_checkpoint.pt,d:\BME\BCI\online_bci\online_eeg\runs_offline_eog\offline_eog_002_vs_003\sweeps\filtered_signal__win_3p0s__stride_0p2s__labels_majority,d:\BME\BCI\online_bci\online_eeg\runs_offline_eog\offline_eog_002_vs_003\sweeps\filtered_signal__win_3p0s__stride_0p2s__labels_majority\validation_predictions_aligned_eeg.csv,d:\BME\BCI\online_bci\online_eeg\runs_offline_eog\offline_eog_002_vs_003\sweeps\filtered_signal__win_3p0s__stride_0p2s__labels_majority\run_003__run_003_train_eog_offset_labeled_test_predictions_aligned_eeg.csv,1.0,1.0,0.7039030955585465,0.7064891304347826,1486.0,1.4088750000000048,0.5474999999999994,1.4838461538461583,0.674999999999983,2.0175714285714323,1.2950000000000017,1.545,0.5131358404749626,prob_Eyes Closed
filtered_signal__win_5p0s__stride_0p02s__labels_majority,filtered_signal,majority,5.0,0.02,d:\BME\BCI\online_bci\online_eeg\runs_offline_eog\offline_eog_002_vs_003\sweeps\filtered_signal__win_5p0s__stride_0p02s__labels_majority\lstm_checkpoint.pt,d:\BME\BCI\online_bci\online_eeg\runs_offline_eog\offline_eog_002_vs_003\sweeps\filtered_signal__win_5p0s__stride_0p02s__labels_majority,d:\BME\BCI\online_bci\online_eeg\runs_offline_eog\offline_eog_002_vs_003\sweeps\filtered_signal__win_5p0s__stride_0p02s__labels_majority\validation_predictions_aligned_eeg.csv,d:\BME\BCI\online_bci\online_eeg\runs_offline_eog\offline_eog_002_vs_003\sweeps\filtered_signal__win_5p0s__stride_0p02s__labels_majority\run_003__run_003_train_eog_offset_labeled_test_predictions_aligned_eeg.csv,1.0,1.0,0.6895125754186157,0.6902669015790777,14751.0,1.0875000000000004,0.327499999999997,1.1881081081081084,0.4549999999999983,1.2816666666666663,0.7625000000000011,1.735,0.48004780356483556,prob_Eyes Closed
filtered_signal__win_5p0s__stride_0p03s__labels_majority,filtered_signal,majority,5.0,0.03,d:\BME\BCI\online_bci\online_eeg\runs_offline_eog\offline_eog_002_vs_003\sweeps\filtered_signal__win_5p0s__stride_0p03s__labels_majority\lstm_checkpoint.pt,d:\BME\BCI\online_bci\online_eeg\runs_offline_eog\offline_eog_002_vs_003\sweeps\filtered_signal__win_5p0s__stride_0p03s__labels_majority,d:\BME\BCI\online_bci\online_eeg\runs_offline_eog\offline_eog_002_vs_003\sweeps\filtered_signal__win_5p0s__stride_0p03s__labels_majority\validation_predictions_aligned_eeg.csv,d:\BME\BCI\online_bci\online_eeg\runs_offline_eog\offline_eog_002_vs_003\sweeps\filtered_signal__win_5p0s__stride_0p03s__labels_majority\run_003__run_003_train_eog_offset_labeled_test_predictions_aligned_eeg.csv,1.0,1.0,0.6100264388854992,0.6108742208870337,9834.0,0.9843589743589786,0.13000000000000966,1.168205128205132,0.375,1.6480555555555587,0.5375000000000014,2.065,0.30750570586067333,prob_Eyes Closed
filtered_signal__win_5p0s__stride_0p05s__labels_majority,filtered_signal,majority,5.0,0.05,d:\BME\BCI\online_bci\online_eeg\runs_offline_eog\offline_eog_002_vs_003\sweeps\filtered_signal__win_5p0s__stride_0p05s__labels_majority\lstm_checkpoint.pt,d:\BME\BCI\online_bci\online_eeg\runs_offline_eog\offline_eog_002_vs_003\sweeps\filtered_signal__win_5p0s__stride_0p05s__labels_majority,d:\BME\BCI\online_bci\online_eeg\runs_offline_eog\offline_eog_002_vs_003\sweeps\filtered_signal__win_5p0s__stride_0p05s__labels_majority\validation_predictions_aligned_eeg.csv,d:\BME\BCI\online_bci\online_eeg\runs_offline_eog\offline_eog_002_vs_003\sweeps\filtered_signal__win_5p0s__stride_0p05s__labels_majority\run_003__run_003_train_eog_offset_labeled_test_predictions_aligned_eeg.csv,1.0,1.0,0.7164887307236062,0.7171186018573805,5901.0,1.1451282051282077,0.5699999999999932,1.2566666666666686,0.7850000000000001,1.5728378378378403,1.2650000000000148,1.77,0.49280737581456713,prob_Eyes Closed
filtered_signal__win_5p0s__stride_0p1s__labels_majority,filtered_signal,majority,5.0,0.1,d:\BME\BCI\online_bci\online_eeg\runs_offline_eog\offline_eog_002_vs_003\sweeps\filtered_signal__win_5p0s__stride_0p1s__labels_majority\lstm_checkpoint.pt,d:\BME\BCI\online_bci\online_eeg\runs_offline_eog\offline_eog_002_vs_003\sweeps\filtered_signal__win_5p0s__stride_0p1s__labels_majority,d:\BME\BCI\online_bci\online_eeg\runs_offline_eog\offline_eog_002_vs_003\sweeps\filtered_signal__win_5p0s__stride_0p1s__labels_majority\validation_predictions_aligned_eeg.csv,d:\BME\BCI\online_bci\online_eeg\runs_offline_eog\offline_eog_002_vs_003\sweeps\filtered_signal__win_5p0s__stride_0p1s__labels_majority\run_003__run_003_train_eog_offset_labeled_test_predictions_aligned_eeg.csv,1.0,1.0,0.7014571331751949,0.70106266679528,2951.0,0.7388750000000012,0.6574999999999918,0.8592647058823548,0.7199999999999847,0.7388750000000012,0.6574999999999918,0.6,0.8005990817665745,prob_Eyes Closed
filtered_signal__win_5p0s__stride_0p2s__labels_majority,filtered_signal,majority,5.0,0.2,d:\BME\BCI\online_bci\online_eeg\runs_offline_eog\offline_eog_002_vs_003\sweeps\filtered_signal__win_5p0s__stride_0p2s__labels_majority\lstm_checkpoint.pt,d:\BME\BCI\online_bci\online_eeg\runs_offline_eog\offline_eog_002_vs_003\sweeps\filtered_signal__win_5p0s__stride_0p2s__labels_majority,d:\BME\BCI\online_bci\online_eeg\runs_offline_eog\offline_eog_002_vs_003\sweeps\filtered_signal__win_5p0s__stride_0p2s__labels_majority\validation_predictions_aligned_eeg.csv,d:\BME\BCI\online_bci\online_eeg\runs_offline_eog\offline_eog_002_vs_003\sweeps\filtered_signal__win_5p0s__stride_0p2s__labels_majority\run_003__run_003_train_eog_offset_labeled_test_predictions_aligned_eeg.csv,0.0,0.0,0.4986449864498645,0.5,1476.0,0.09800000000000395,0.10249999999999915,,,0.09800000000000395,0.10249999999999915,0.145,0.4697389070562341,prob_Eyes Closed
